{
  "Unit": [
    [
      {
        "zpve": "Hartree",
        "U0": "Hartree",
        "U": "Hartree",
        "H": "Hartree",
        "G": "Hartree",
        "Cv": ""
      }
    ]
  ],
  "H": [
    {
      "zpve": 0.000000,
      "U0": -0.500273,
      "U": -0.498857,
      "H": -0.497912,
      "G": -0.510927,
      "Cv": 2.981
    }
  ],
  "He": [
    {
    }
  ],
  "Li": [
    {
    }
  ],
  "Be": [
    {
    }
  ],
  "B": [
    {
    }
  ],
  "C": [
    {
      "zpve": 0.000000,
      "U0": -37.846772,
      "U": -37.845355,
      "H": -37.844411,
      "G": -37.861317,
      "Cv": 2.981
    }
  ],
  "N": [
    {
      "zpve": 0.000000,
      "U0": -54.583861,
      "U": -54.582445,
      "H": -54.581501,
      "G": -54.598897,
      "Cv": 2.981
    }
  ],
  "O": [
    {
      "zpve": 0.000000,
      "U0": -75.064579,
      "U": -75.063163,
      "H": -75.062219,
      "G": -75.079532,
      "Cv": 2.981
    }
  ],
  "F": [
    {
      "zpve": 0.000000,
      "U0": -99.718730,
      "U": -99.717314,
      "H": -99.716370,
      "G": -99.733544,
      "Cv": 2.981
    }
  ]
}